axis,KS,W1,KDE_MSE
x,0.075214,1.084044989859808,4.001825168291195e-05
y,0.05249400000000004,0.7923697857049958,2.6430122307068217e-05
z,0.05266000000000004,1.2536959049880503,6.980556174474545e-06
x,0.050870000000000026,0.6051633623286635,1.4430249517319128e-05
y,0.05475600000000003,0.7359385811501412,1.0310855012764084e-05
z,0.057672,0.9895542820453642,8.787809417998624e-06
x,0.06535200000000008,0.7661922796150429,1.9185854556520707e-05
y,0.06325199999999997,0.9303444972727828,1.3500597839172328e-05
z,0.05632799999999999,0.9867926555526255,9.050859768968933e-06
