axis,KS,W1,KDE_MSE
x,0.075214,1.084044989859808,4.001825168291195e-05
y,0.05249400000000004,0.7923697857049958,2.6430122307068217e-05
z,0.05266000000000004,1.2536959049880503,6.980556174474545e-06
