{"mu": [-0.05701315402984619, -0.05666003003716469, 23.610393524169922], "inv": [[0.2333443670700667, -0.12773204509770114, 0.00022104371038538705], [-0.12773204509770114, 0.19641287642739663, -3.680623314213696e-05], [0.00022104371038538708, -3.6806233142137e-05, 0.11624688012665683]]}