{"mu": [-3.150695192744024e-05, 6.225477409316227e-05, 0.006786555517464876], "inv": [[0.2579886706081188, 0.00016468398922467222, -6.571512421734224e-05], [0.00016468398922467008, 0.25788024156445455, 0.00010516662577068229], [-6.571512421734225e-05, 0.00010516662577068233, 0.18273484751640073]]}